CategoryID,LocationID,ProductName,CPU_GHz,RAM_GB,Storage_GB,Price,IsDefective
1000,1000,'Alienware Aurora ',2,7,3499,2120.1,0
1001,1003,'Apple MacBook Air M3 (13-inch) ',3.4,14,2680,853.8,0
1000,1008,'Lenovo Yoga',3.1,8,689,2115.7,0
1001,1000,'Lenovo Yoga',2.7,11,231,692.2,0
1000,1001,'Dell XPS ',4.6,10,3966,1097.9,0
1001,1000,'Alienware Aurora ',3.8,8,535,322.3,0
1000,1006,'Dell XPS ',2,13,1354,659.1,0
1000,1003,'Dell XPS ',1.7,4,2263,1049.9,0
1001,1008,'Dell XPS ',2.1,7,4256,1262.5,0
1000,1000,'Alienware Aurora ',2.5,14,244,519.1,0
1001,1005,'Alienware Aurora ',1.2,12,547,1015.4,0
1000,1003,'Lenovo Yoga',3.9,7,2393,387.5,0
1000,1007,'Apple MacBook Air M3 (13-inch) ',1.1,16,2700,200.3,1
1000,1005,'Dell XPS ',1.4,7,2556,1922.1,0
1001,1001,'Alienware Aurora ',2,5,1652,1499.7,1
1000,1008,'Apple MacBook Air M3 (13-inch) ',4.8,15,463,1652.1,0
1000,1003,'Dell XPS ',3.3,12,4501,2386.9,0
1000,1006,'Alienware Aurora ',2.5,4,4508,1492,0
1000,1006,'Dell XPS ',4.7,8,3177,1799.1,0
1000,1009,'Apple MacBook Air M3 (13-inch) ',4.4,13,1118,1535,0
1001,1008,'Alienware Aurora ',1.7,9,3996,2809,0
1001,1009,'Dell XPS ',3.7,9,3460,1525.6,0
1001,1007,'Lenovo Yoga',2.2,12,1732,1143.3,0
1001,1000,'Alienware Aurora ',3.9,4,2209,1434,0
1001,1007,'Alienware Aurora ',2.5,7,1710,806.8,0
1001,1009,'Lenovo Yoga',1.2,10,2954,209.7,1
1000,1005,'Dell XPS ',3.3,7,2338,1396,0
1001,1008,'Apple MacBook Air M3 (13-inch) ',2.8,14,1856,857.6,0
1001,1003,'Dell XPS ',4.4,4,136,1347.7,0
1000,1004,'Lenovo Yoga',3.2,6,2145,1861.5,0
1001,1003,'Lenovo Yoga',1.9,8,4722,1531.5,0
1001,1006,'Dell XPS ',4.1,7,159,762,1
1000,1008,'Lenovo Yoga',3.7,9,4134,1345,0
1001,1008,'Dell XPS ',1.5,4,1063,978.4,0
1000,1002,'Lenovo Yoga',3.5,5,2736,1199.9,0
1001,1002,'Dell XPS ',4.2,9,3268,555.7,0
1000,1002,'Apple MacBook Air M3 (13-inch) ',2.9,10,3608,1846,0
1001,1004,'Apple MacBook Air M3 (13-inch) ',3.8,6,4802,1068.5,0
1000,1004,'Dell XPS ',4.4,7,2709,1005.1,0
1001,1004,'Apple MacBook Air M3 (13-inch) ',1.2,12,785,1133.7,0
1001,1004,'Lenovo Yoga',1.8,10,866,1219.5,0
1000,1008,'Lenovo Yoga',3,6,648,275,0
1000,1007,'Alienware Aurora ',4.7,6,4959,1971.3,0
1000,1006,'Lenovo Yoga',2.1,8,345,1782.6,0
1001,1004,'Dell XPS ',3.4,7,2262,1193.2,0
1000,1004,'Lenovo Yoga',2.4,12,2003,2617.1,0
1000,1000,'Alienware Aurora ',1.1,15,1047,1348.8,0
1001,1003,'Alienware Aurora ',4,13,2293,516.5,0
1000,1006,'Alienware Aurora ',2.2,8,2428,1108.9,0
1001,1001,'Dell XPS ',4.6,11,2877,2354.3,0
1000,1006,'Apple MacBook Air M3 (13-inch) ',1.8,8,2613,1672.6,0
1000,1007,'Alienware Aurora ',3.4,4,219,2501.7,0
1001,1001,'Lenovo Yoga',2.5,15,4752,221.8,0
1000,1002,'Apple MacBook Air M3 (13-inch) ',4.6,16,328,1321.1,0
1000,1004,'Dell XPS ',4.8,15,4901,1296.8,0
1001,1005,'Alienware Aurora ',3.5,14,3883,1441.9,0
1001,1001,'Alienware Aurora ',3.3,6,694,488.2,0
1000,1001,'Alienware Aurora ',1.7,13,443,2735.3,0
1001,1007,'Dell XPS ',3.8,6,3187,1661.5,0
1001,1004,'Apple MacBook Air M3 (13-inch) ',3.7,5,741,1549.5,0
1000,1007,'Dell XPS ',4.4,11,1173,728.5,0
1001,1003,'Lenovo Yoga',2.1,5,1359,885.9,0
1000,1001,'Apple MacBook Air M3 (13-inch) ',4.3,9,1345,336.6,0
1001,1002,'Alienware Aurora ',2.5,10,4564,828.4,0
1001,1004,'Lenovo Yoga',4.4,11,4550,1883.2,0
1001,1004,'Alienware Aurora ',1.2,12,3844,2441.5,0
1001,1004,'Alienware Aurora ',2.9,13,1998,2667.6,0
1000,1000,'Lenovo Yoga',1.7,8,4957,2245.6,0
1001,1006,'Lenovo Yoga',4.9,11,1443,2038.8,0
1000,1004,'Lenovo Yoga',4.3,10,2378,1808.9,0
1001,1003,'Alienware Aurora ',1.9,9,418,2266.5,0
1001,1007,'Lenovo Yoga',2.8,4,2269,1113.1,0
1000,1003,'Alienware Aurora ',3.4,16,4164,1944.2,0
1001,1001,'Apple MacBook Air M3 (13-inch) ',2.3,13,1213,753.3,0
1001,1004,'Lenovo Yoga',2.9,16,2202,1214.8,0
1000,1004,'Apple MacBook Air M3 (13-inch) ',5,6,2209,2785.5,0
1001,1001,'Lenovo Yoga',4.8,7,3646,2373.5,0
1001,1000,'Dell XPS ',3.9,8,1699,1340.5,0
1001,1003,'Alienware Aurora ',2.3,5,4769,2856.8,0
1000,1007,'Lenovo Yoga',2.9,15,2126,801.3,0
1001,1002,'Dell XPS ',2.9,9,4348,1587,0
1000,1000,'Dell XPS ',4.1,4,4977,1847.6,1
1001,1002,'Apple MacBook Air M3 (13-inch) ',4.3,5,1581,313.8,0
1000,1001,'Dell XPS ',4.2,11,2923,1472.6,0
1000,1000,'Dell XPS ',1.7,11,3394,1737.3,0
1000,1004,'Apple MacBook Air M3 (13-inch) ',3,8,3703,1852.8,0
1000,1007,'Lenovo Yoga',3.7,13,315,645.4,0
1001,1008,'Lenovo Yoga',1.2,15,2197,1280.5,0
1000,1000,'Lenovo Yoga',2.2,15,2015,2254.2,0
1001,1009,'Lenovo Yoga',4.7,11,1488,2691.1,0
1000,1002,'Lenovo Yoga',2.9,13,2279,2368.6,0
1001,1000,'Apple MacBook Air M3 (13-inch) ',3.7,6,2929,841.2,0
1001,1003,'Alienware Aurora ',4.2,13,2617,1495.3,0
1001,1002,'Lenovo Yoga',2.9,7,1429,479.1,0
1000,1000,'Alienware Aurora ',1.3,12,4234,2852.2,0
1000,1000,'Alienware Aurora ',1.7,15,153,2789.2,0
1001,1005,'Lenovo Yoga',2.8,4,2023,1108.2,0
1000,1001,'Apple MacBook Air M3 (13-inch) ',2.6,12,2981,441.7,0
1000,1001,'Apple MacBook Air M3 (13-inch) ',4.2,6,2214,2687.8,0
1000,1006,'Apple MacBook Air M3 (13-inch) ',3.5,14,4269,346.2,0
1000,1002,'Lenovo Yoga',2.1,8,2614,1988.3,0
1000,1008,'Apple MacBook Air M3 (13-inch) ',4.2,7,4563,2980.5,0
1001,1005,'Apple MacBook Air M3 (13-inch) ',2.1,12,2640,1003.3,0
1001,1001,'Dell XPS ',2.3,16,3421,1859.2,0
1000,1009,'Apple MacBook Air M3 (13-inch) ',4.9,15,2093,799.5,0
1000,1005,'Lenovo Yoga',4.5,9,3672,1520.6,0
1001,1002,'Alienware Aurora ',2.1,11,852,1021.5,0
1001,1002,'Lenovo Yoga',2.4,4,4755,1480.7,0
1001,1003,'Lenovo Yoga',4.3,13,2448,2682.4,0
1001,1005,'Apple MacBook Air M3 (13-inch) ',3.3,11,3573,835.2,0
1001,1007,'Lenovo Yoga',4.7,11,1412,2524.3,1
1001,1005,'Alienware Aurora ',2.3,7,2011,2909.8,0
1000,1003,'Alienware Aurora ',2.5,15,964,394.9,0
1001,1003,'Lenovo Yoga',4.2,4,1668,2735.1,0
1001,1007,'Apple MacBook Air M3 (13-inch) ',3.8,15,2550,363.7,0
1000,1000,'Lenovo Yoga',1.6,11,139,218.5,0
1001,1004,'Lenovo Yoga',3.7,9,2637,757.7,0
1001,1003,'Apple MacBook Air M3 (13-inch) ',1.2,15,317,2781.6,0
1001,1005,'Dell XPS ',3.1,15,4635,2835.5,0
1000,1008,'Apple MacBook Air M3 (13-inch) ',4.7,4,476,2083.1,0
1000,1007,'Dell XPS ',1.9,7,20,931.1,0
1000,1001,'Apple MacBook Air M3 (13-inch) ',4,15,346,2669.9,0
1000,1003,'Apple MacBook Air M3 (13-inch) ',4.9,10,1923,2268.5,0
1000,1008,'Apple MacBook Air M3 (13-inch) ',1.2,9,3591,1687.9,0
1001,1002,'Dell XPS ',4,16,1677,1270.8,0
1000,1005,'Apple MacBook Air M3 (13-inch) ',1.6,6,12,2192.2,1
1001,1007,'Dell XPS ',4,6,2900,1328.1,0
1001,1001,'Alienware Aurora ',4.5,15,209,398.7,0
1001,1003,'Lenovo Yoga',3.7,13,2519,2041.4,0
1001,1006,'Alienware Aurora ',3.9,6,239,1080,0
1001,1005,'Apple MacBook Air M3 (13-inch) ',3.1,10,1037,2333.2,0
1000,1001,'Alienware Aurora ',2.1,9,2197,951.8,0
1001,1007,'Dell XPS ',2.1,16,3624,1195.9,0
1000,1009,'Lenovo Yoga',1.6,7,4250,654.1,0
1000,1004,'Dell XPS ',1.2,12,4203,1370.9,0
1001,1009,'Apple MacBook Air M3 (13-inch) ',1,7,273,2041.2,0
1001,1001,'Apple MacBook Air M3 (13-inch) ',2.2,15,3410,855.9,0
1001,1004,'Apple MacBook Air M3 (13-inch) ',4,4,2140,321.4,0
1000,1007,'Alienware Aurora ',1.4,6,4482,1959.6,0
1000,1008,'Alienware Aurora ',3.8,9,2844,1065.8,0
1001,1000,'Apple MacBook Air M3 (13-inch) ',2.1,11,113,1818.5,0
1001,1009,'Lenovo Yoga',2.7,15,3181,2520.6,0
1001,1006,'Alienware Aurora ',1.8,7,2366,375.2,0
1001,1006,'Apple MacBook Air M3 (13-inch) ',1.9,11,868,2657.5,1
1000,1009,'Lenovo Yoga',3.1,12,4195,2070,0
1001,1005,'Apple MacBook Air M3 (13-inch) ',2.6,10,348,2693.2,0
1001,1009,'Dell XPS ',4.8,6,1651,1844.6,0
1001,1002,'Alienware Aurora ',4.9,8,4758,2207.4,0
1001,1009,'Dell XPS ',4,6,2530,2328.6,1
1001,1005,'Lenovo Yoga',3.5,15,1421,2487.3,0
1001,1008,'Apple MacBook Air M3 (13-inch) ',2.3,4,4315,1948.4,0
1000,1004,'Alienware Aurora ',2.4,16,4653,2676.9,0
1000,1000,'Apple MacBook Air M3 (13-inch) ',2.3,14,899,711,0
1001,1001,'Alienware Aurora ',4.5,10,3772,2619.1,0
1000,1000,'Apple MacBook Air M3 (13-inch) ',3.5,14,760,1540.2,0
1000,1004,'Lenovo Yoga',4.5,7,2457,2304.7,0
1000,1002,'Apple MacBook Air M3 (13-inch) ',2.9,13,1120,1917.3,0
1001,1009,'Apple MacBook Air M3 (13-inch) ',3.3,6,3428,1421.8,0
1001,1009,'Dell XPS ',2.3,4,3871,404.5,0
1001,1007,'Dell XPS ',2.4,5,3795,864,0
1000,1009,'Apple MacBook Air M3 (13-inch) ',4.7,9,2736,1414.4,0
1001,1005,'Apple MacBook Air M3 (13-inch) ',2.1,5,246,2876.7,0
1000,1003,'Dell XPS ',4.3,14,1126,1875.4,0
1001,1000,'Lenovo Yoga',4.6,13,3745,961.2,0
1000,1000,'Lenovo Yoga',2.5,16,1243,1778.2,0
1000,1009,'Apple MacBook Air M3 (13-inch) ',4.1,7,4811,2176.7,0
1001,1008,'Lenovo Yoga',4.7,5,4031,1530.2,0
1001,1006,'Alienware Aurora ',2.2,4,4185,2155.2,0
1000,1004,'Lenovo Yoga',2.8,4,3014,2896.9,0
1001,1003,'Lenovo Yoga',4.9,12,222,1550.4,0
1000,1005,'Dell XPS ',2.1,8,1132,1188.9,0
1000,1005,'Dell XPS ',1.4,7,2006,1107.3,0
1000,1002,'Lenovo Yoga',2,10,3182,2963.9,0
1000,1008,'Alienware Aurora ',1.6,6,2507,1270.5,0
1000,1000,'Dell XPS ',1.3,11,4695,2396.2,0
1000,1008,'Apple MacBook Air M3 (13-inch) ',4.3,4,2319,1972.9,0
1001,1008,'Alienware Aurora ',4.2,10,3672,634.4,0
1001,1000,'Alienware Aurora ',2.3,4,2510,2608.1,0
1001,1009,'Apple MacBook Air M3 (13-inch) ',3.7,9,4266,1239,0
1001,1007,'Apple MacBook Air M3 (13-inch) ',2.2,10,2941,1533.8,0
1000,1008,'Alienware Aurora ',2,7,2546,1722.2,0
1001,1002,'Lenovo Yoga',2.2,8,57,2863.3,0
1001,1008,'Apple MacBook Air M3 (13-inch) ',3.8,14,3551,432.1,0
1001,1007,'Dell XPS ',1,16,1263,527.7,0
1000,1000,'Lenovo Yoga',3.8,12,4522,928.7,0
1000,1008,'Apple MacBook Air M3 (13-inch) ',1.2,9,4903,808.5,0
1001,1002,'Lenovo Yoga',3.8,6,3509,981.9,0
1000,1002,'Dell XPS ',2.8,16,2166,997.4,0
1001,1009,'Apple MacBook Air M3 (13-inch) ',3.8,14,3555,2598.9,0
1000,1009,'Alienware Aurora ',2.6,6,3364,2230.6,1
1000,1007,'Alienware Aurora ',1.4,15,1576,2280.6,0
1001,1001,'Lenovo Yoga',1.8,11,2560,2094.4,0
1000,1001,'Apple MacBook Air M3 (13-inch) ',4,9,3631,365.6,0
1001,1003,'Alienware Aurora ',4.8,7,139,1880.6,1
1001,1003,'Apple MacBook Air M3 (13-inch) ',1.6,13,2108,334.4,0
1000,1005,'Alienware Aurora ',3.4,11,3885,830.6,0
1000,1008,'Apple MacBook Air M3 (13-inch) ',1.4,6,4812,2464.6,1
1001,1004,'Dell XPS ',4.7,11,1217,2019,1
1001,1008,'Dell XPS ',2.2,8,1757,2278.2,0
1000,1006,'Apple MacBook Air M3 (13-inch) ',2.5,11,823,513,0
1001,1002,'Apple MacBook Air M3 (13-inch) ',4.2,16,1618,1068.4,0
1001,1008,'Alienware Aurora ',3.3,10,1113,1373.2,0
1000,1008,'Apple MacBook Air M3 (13-inch) ',4.1,14,2593,290.8,0
1000,1006,'Dell XPS ',2.1,11,851,2122.1,0
1001,1005,'Apple MacBook Air M3 (13-inch) ',3.7,15,2141,612,0
1000,1000,'Dell XPS ',1.5,7,1920,1592.1,0
1000,1001,'Dell XPS ',3.5,10,1851,2695.6,0
1001,1005,'Alienware Aurora ',2.2,9,4623,2468.8,0
1001,1000,'Alienware Aurora ',2.9,13,1706,1609.7,0
1000,1006,'Dell XPS ',1.8,14,207,2555.5,0
1001,1007,'Apple MacBook Air M3 (13-inch) ',4,4,539,2524.2,0
1000,1008,'Dell XPS ',4.8,10,198,2419.5,0
1000,1004,'Alienware Aurora ',1.9,5,715,2971.3,0
1001,1000,'Dell XPS ',4.4,14,175,716.3,1
1000,1006,'Apple MacBook Air M3 (13-inch) ',3.9,13,1184,2720.8,0
1001,1000,'Apple MacBook Air M3 (13-inch) ',4.8,11,1031,2901.1,0
1000,1003,'Alienware Aurora ',4.4,10,3911,1960.7,0
1001,1008,'Apple MacBook Air M3 (13-inch) ',3.3,5,2494,2306.6,0
1001,1005,'Apple MacBook Air M3 (13-inch) ',2.7,5,1385,2739.2,1
1000,1008,'Dell XPS ',3.3,7,4419,2955.7,0
1001,1007,'Dell XPS ',3.1,13,2952,917.4,0
1001,1004,'Apple MacBook Air M3 (13-inch) ',1.4,15,2443,2571.2,0
1001,1007,'Dell XPS ',3.9,7,1632,220.1,1
1001,1001,'Alienware Aurora ',3.1,8,4388,1209.1,0
1001,1009,'Alienware Aurora ',4.8,12,1282,305.9,0
1000,1009,'Lenovo Yoga',1.9,16,806,2255.6,0
1000,1000,'Lenovo Yoga',2.6,13,1414,669.8,0
1001,1006,'Lenovo Yoga',3.6,4,2394,888.3,0
1000,1004,'Dell XPS ',1.1,6,3621,843.2,0
1001,1009,'Apple MacBook Air M3 (13-inch) ',2.6,7,4159,1639.1,1
1001,1002,'Dell XPS ',4.8,14,1373,1136.2,0
1001,1007,'Apple MacBook Air M3 (13-inch) ',3.8,8,1798,278.4,0
1000,1008,'Apple MacBook Air M3 (13-inch) ',1.3,7,4696,1195.7,0
1001,1004,'Alienware Aurora ',3.3,11,4872,744.2,0
1000,1007,'Lenovo Yoga',3.4,6,3612,2283,0
1000,1006,'Alienware Aurora ',1.5,5,1147,2057.2,0
1000,1006,'Lenovo Yoga',4.6,5,1833,749.3,0
1000,1006,'Lenovo Yoga',3,9,167,1495.2,0
1000,1008,'Apple MacBook Air M3 (13-inch) ',4,13,3849,1491.1,0
1000,1000,'Dell XPS ',4.9,8,827,1248.5,0
1000,1008,'Apple MacBook Air M3 (13-inch) ',4,9,381,443.3,0
1000,1003,'Alienware Aurora ',3.8,9,2686,1841.2,0
1000,1001,'Apple MacBook Air M3 (13-inch) ',4.8,10,4920,657.8,0
1001,1006,'Apple MacBook Air M3 (13-inch) ',3.8,4,4223,1320.4,0
1000,1002,'Alienware Aurora ',3.3,4,968,1098.5,0
1001,1000,'Alienware Aurora ',4.7,13,794,680,0
1000,1000,'Alienware Aurora ',4.9,11,3446,1709,0
1000,1004,'Lenovo Yoga',2.3,14,3096,1342.8,0
1001,1003,'Alienware Aurora ',3.4,7,4010,2572.7,0
1001,1006,'Dell XPS ',4.6,6,4423,1732.9,0
1001,1009,'Dell XPS ',2,15,4103,2691,0
1001,1005,'Apple MacBook Air M3 (13-inch) ',3.2,7,3800,1136.3,0
1001,1001,'Apple MacBook Air M3 (13-inch) ',1.4,11,4367,2854.9,0
1001,1003,'Apple MacBook Air M3 (13-inch) ',4.8,14,2358,218.3,0
1001,1009,'Lenovo Yoga',3.9,9,49,1198.6,0
1000,1003,'Alienware Aurora ',4.6,14,2909,2433.1,0
1001,1005,'Dell XPS ',1.4,10,160,2207.4,0
1001,1005,'Apple MacBook Air M3 (13-inch) ',1.1,11,4186,2620.2,0
1000,1009,'Apple MacBook Air M3 (13-inch) ',3.5,16,2597,716.5,0
1001,1002,'Alienware Aurora ',3.6,13,1239,1177.4,0
1001,1002,'Apple MacBook Air M3 (13-inch) ',2.4,13,4503,1887.9,0
1000,1006,'Alienware Aurora ',1.4,15,4620,1167.8,0
1001,1002,'Alienware Aurora ',3,12,1546,218.1,0
1000,1008,'Dell XPS ',3.7,9,433,2920.1,0
1000,1006,'Alienware Aurora ',3.7,10,830,629,0
1001,1009,'Dell XPS ',2.4,16,1853,2132,0
1000,1005,'Apple MacBook Air M3 (13-inch) ',1.3,16,2018,2627.9,0
1001,1001,'Lenovo Yoga',3.4,14,4763,610.7,0
1001,1004,'Apple MacBook Air M3 (13-inch) ',3.9,12,1048,890,0
1000,1005,'Lenovo Yoga',3.3,16,2065,1868.1,0
1001,1003,'Alienware Aurora ',3.9,8,3153,691.2,0
1000,1002,'Dell XPS ',1.4,5,4217,2453.3,0
1001,1004,'Apple MacBook Air M3 (13-inch) ',2.1,14,841,2392.8,0
1000,1009,'Alienware Aurora ',4.9,15,4235,2036.2,0
1000,1005,'Dell XPS ',3.3,11,3208,1654.6,0
1001,1008,'Apple MacBook Air M3 (13-inch) ',4.9,7,954,2607.2,0
1000,1004,'Dell XPS ',3,4,1613,2057.5,0
1001,1009,'Apple MacBook Air M3 (13-inch) ',4.7,7,3684,1710.4,0
1000,1001,'Alienware Aurora ',1.4,15,1949,2840.5,0
1000,1000,'Dell XPS ',1.9,15,1398,2402.8,0
1001,1005,'Alienware Aurora ',3.6,5,3362,509.4,0
1000,1008,'Apple MacBook Air M3 (13-inch) ',3.5,10,2291,2480.3,0
1000,1002,'Dell XPS ',2.7,10,3722,1924.5,0
1000,1007,'Dell XPS ',1.5,16,1373,1194.5,0
1000,1006,'Apple MacBook Air M3 (13-inch) ',2,12,4532,2429.3,1
1001,1003,'Dell XPS ',1.6,9,1935,1195.4,0
1001,1001,'Apple MacBook Air M3 (13-inch) ',2.5,16,4403,2381.1,0
1001,1009,'Dell XPS ',1.6,7,1942,2899.7,0
1000,1006,'Apple MacBook Air M3 (13-inch) ',3.9,10,3458,783.3,0
1000,1003,'Lenovo Yoga',3.6,8,93,1205.3,0
1000,1002,'Alienware Aurora ',4,9,4048,367.8,0
1000,1007,'Lenovo Yoga',2.3,13,798,1969.8,0
1001,1009,'Lenovo Yoga',2.5,16,1694,1586.1,0
1001,1004,'Alienware Aurora ',3,11,1535,862.9,0
1000,1006,'Lenovo Yoga',3.1,5,2765,1447.2,0
1001,1001,'Apple MacBook Air M3 (13-inch) ',1,4,3954,1383.5,0
1001,1004,'Dell XPS ',2.5,14,2543,2182.8,0
1000,1009,'Alienware Aurora ',1.8,12,325,1123.2,0
1001,1008,'Lenovo Yoga',2.2,12,989,566.2,0
1001,1001,'Lenovo Yoga',3.3,8,369,987,0
1000,1008,'Lenovo Yoga',4.6,4,2789,1143.1,0
1000,1004,'Apple MacBook Air M3 (13-inch) ',4.8,11,4690,2956,0
1001,1001,'Apple MacBook Air M3 (13-inch) ',2.7,9,712,605.8,0
1001,1009,'Dell XPS ',3.6,7,685,2642.5,0
1000,1003,'Dell XPS ',2.3,16,4005,287.3,0
1000,1005,'Apple MacBook Air M3 (13-inch) ',3.3,16,2769,2240.8,0
1001,1000,'Alienware Aurora ',4.1,5,3467,894.5,0
1001,1009,'Apple MacBook Air M3 (13-inch) ',4.3,4,4327,1986.1,0
1000,1005,'Dell XPS ',1.3,5,994,1136.4,0
1000,1003,'Apple MacBook Air M3 (13-inch) ',1.1,8,4786,2939.8,1
1001,1002,'Lenovo Yoga',2.7,8,4789,226.5,0
1000,1001,'Apple MacBook Air M3 (13-inch) ',2.3,15,987,1927.2,0
1000,1004,'Apple MacBook Air M3 (13-inch) ',3.6,13,444,1421.8,1
1000,1000,'Alienware Aurora ',1.8,12,1021,766.3,0
1001,1003,'Apple MacBook Air M3 (13-inch) ',3.2,8,1639,1882.6,0
1001,1008,'Dell XPS ',5,5,2594,2680.8,1
1000,1001,'Lenovo Yoga',1.3,6,3650,365.8,0
1000,1001,'Dell XPS ',2.8,16,4247,2399,0
1001,1003,'Lenovo Yoga',4.3,14,4498,521.2,0
1001,1003,'Dell XPS ',2.5,9,2422,2363.7,0
1000,1001,'Alienware Aurora ',4.8,8,4156,2564.9,0
1001,1009,'Alienware Aurora ',1.5,11,1909,1414.3,0
1000,1006,'Alienware Aurora ',1.8,12,96,1725.9,0
1000,1006,'Dell XPS ',2.9,4,4677,1967.4,0
1001,1006,'Lenovo Yoga',1.6,7,281,334.7,1
1000,1008,'Dell XPS ',3,14,4620,2547.3,0
1001,1008,'Lenovo Yoga',1.4,16,3216,2677.4,0
1001,1006,'Dell XPS ',1.6,9,962,872.8,0
1000,1003,'Apple MacBook Air M3 (13-inch) ',4.3,13,3912,577.2,0
1001,1009,'Alienware Aurora ',4.1,6,2751,1961.1,0
1001,1006,'Lenovo Yoga',4.5,15,3087,1577.1,0
1001,1004,'Lenovo Yoga',2,16,4022,1347.5,0
1001,1008,'Apple MacBook Air M3 (13-inch) ',4.4,13,429,1176.7,0
1001,1007,'Lenovo Yoga',1.3,4,1302,521.4,0
1001,1009,'Lenovo Yoga',1.3,16,3139,1042.5,0
1001,1003,'Apple MacBook Air M3 (13-inch) ',4.9,7,4085,915.7,0
1000,1003,'Lenovo Yoga',1.4,5,342,2658.3,0
1000,1006,'Alienware Aurora ',4.4,6,3970,2682.8,0
1000,1007,'Alienware Aurora ',3.5,13,1954,316.8,0
1000,1004,'Dell XPS ',2.3,12,4246,1545.3,0
1000,1003,'Dell XPS ',1.8,5,3352,2790.5,0
1000,1007,'Lenovo Yoga',4,9,1077,344.5,0
1001,1002,'Alienware Aurora ',3.7,13,399,1427.1,0
1001,1008,'Dell XPS ',1.3,7,3133,1621.8,0
1000,1004,'Lenovo Yoga',1.8,7,2073,1756.6,0
1000,1001,'Alienware Aurora ',3.4,16,1667,961.9,0
1000,1006,'Alienware Aurora ',3.3,14,664,2626.5,0
1000,1009,'Apple MacBook Air M3 (13-inch) ',2.6,6,432,1126.4,0
1001,1003,'Alienware Aurora ',1.7,6,3216,742.3,0
1000,1005,'Apple MacBook Air M3 (13-inch) ',1.1,14,183,203.7,0
1000,1001,'Alienware Aurora ',3.3,10,4973,1485,1
1001,1005,'Alienware Aurora ',2.9,12,4133,1318.3,0
1001,1003,'Apple MacBook Air M3 (13-inch) ',3.4,6,473,717.7,0
1000,1007,'Alienware Aurora ',4.4,16,1265,2028.5,0
1001,1003,'Lenovo Yoga',3.7,7,4913,1988.9,0
1000,1001,'Dell XPS ',3.3,15,357,2876.6,0
1001,1004,'Dell XPS ',2.6,7,4460,1148.5,0
1001,1003,'Apple MacBook Air M3 (13-inch) ',2.5,11,4328,2886.5,0
1000,1002,'Alienware Aurora ',1.6,6,172,2854.6,0
1001,1007,'Apple MacBook Air M3 (13-inch) ',1.3,5,3098,1996.7,0
1001,1008,'Alienware Aurora ',4.4,5,4057,1706,0
1001,1001,'Dell XPS ',3,13,3073,1220.3,0
1000,1003,'Lenovo Yoga',4.6,7,4399,928.8,0
1000,1006,'Dell XPS ',1.6,10,2745,2225,0
1000,1004,'Apple MacBook Air M3 (13-inch) ',3.6,15,4277,2659.7,0
1001,1006,'Apple MacBook Air M3 (13-inch) ',3.6,13,4528,862.3,0
1000,1007,'Lenovo Yoga',4.7,9,1912,861,1
1000,1006,'Lenovo Yoga',1.6,5,207,2940.3,0
1000,1006,'Lenovo Yoga',3.8,11,2881,2900.6,0
1000,1003,'Lenovo Yoga',3.5,12,2387,1292.8,0
1000,1009,'Lenovo Yoga',1.3,5,764,1785,0
1001,1002,'Alienware Aurora ',1.7,10,2075,928.3,0
1000,1002,'Alienware Aurora ',4.1,9,4495,2644.2,0
1000,1001,'Dell XPS ',3.7,13,4976,2016.4,0
1001,1008,'Lenovo Yoga',2.1,9,4439,1452.1,0
1001,1005,'Apple MacBook Air M3 (13-inch) ',2.9,6,3626,819.1,0
1001,1001,'Alienware Aurora ',5,16,4362,2058.3,0
1000,1007,'Apple MacBook Air M3 (13-inch) ',3.8,4,4602,1277.8,0
1000,1002,'Lenovo Yoga',1.7,4,4520,2219.3,0
1001,1004,'Lenovo Yoga',1.5,13,2302,2636,0
1000,1003,'Apple MacBook Air M3 (13-inch) ',1.7,7,921,2161.6,0
1000,1002,'Dell XPS ',3.1,12,2280,1769.7,0
1000,1008,'Lenovo Yoga',1.8,4,1086,1744.1,0
1000,1003,'Lenovo Yoga',2.5,10,1027,646.5,0
1001,1004,'Apple MacBook Air M3 (13-inch) ',3.4,5,4419,915.2,0
1001,1009,'Dell XPS ',2.1,15,19,539.2,0
1000,1006,'Dell XPS ',4.2,10,1385,2348.3,0
1001,1007,'Lenovo Yoga',1.4,15,4471,947,0
1000,1006,'Dell XPS ',1.6,6,2498,2736.3,0
1001,1008,'Dell XPS ',3.8,14,3932,1303.1,0
1001,1006,'Alienware Aurora ',2.1,14,4467,1109.3,0
1001,1000,'Dell XPS ',3.5,13,1710,1218,0
1000,1003,'Alienware Aurora ',2.4,13,978,2071.1,0
1000,1007,'Dell XPS ',3.6,10,235,1037,0
1001,1008,'Alienware Aurora ',3.4,13,4361,545.6,1
1000,1004,'Dell XPS ',3.7,11,2076,544.3,0
1000,1001,'Alienware Aurora ',2.3,7,790,1195.8,0
1000,1005,'Apple MacBook Air M3 (13-inch) ',2.2,16,735,1716.7,0
1000,1009,'Dell XPS ',4.9,5,325,2174.9,0
1000,1006,'Lenovo Yoga',4.1,7,959,1666.3,0
1000,1001,'Apple MacBook Air M3 (13-inch) ',1.7,10,4023,1432.2,0
1000,1005,'Alienware Aurora ',2.4,15,1015,1600.8,0
1001,1004,'Dell XPS ',1.1,15,1583,289.4,0
1000,1000,'Dell XPS ',2.6,16,4897,2947.3,0
1000,1005,'Dell XPS ',4.5,15,3358,1014.6,0
1000,1004,'Dell XPS ',3.1,15,3836,2383,0
1000,1003,'Apple MacBook Air M3 (13-inch) ',2.6,7,310,2536.7,0
1001,1000,'Alienware Aurora ',2.9,16,2720,1425.8,0
1000,1007,'Lenovo Yoga',2.4,5,574,727.6,0
1000,1004,'Dell XPS ',3.4,7,1249,2008.9,0
1000,1002,'Lenovo Yoga',2,14,4542,2406.9,0
1001,1003,'Lenovo Yoga',1.2,7,4653,1663.7,0
1000,1003,'Alienware Aurora ',3.9,16,2017,2684,0
1001,1008,'Apple MacBook Air M3 (13-inch) ',4,10,1476,1212.9,0
1000,1008,'Dell XPS ',4.5,11,4467,378.9,0
1001,1008,'Lenovo Yoga',4,14,443,493.4,0
1001,1000,'Dell XPS ',2.5,16,718,2055.7,0
1000,1008,'Apple MacBook Air M3 (13-inch) ',3.8,13,4955,1095.1,0
1000,1000,'Lenovo Yoga',2,15,4643,567.6,0
1001,1008,'Lenovo Yoga',2.4,4,4194,323.5,0
1000,1003,'Apple MacBook Air M3 (13-inch) ',3.4,6,850,1311.3,0
1000,1002,'Apple MacBook Air M3 (13-inch) ',1.8,4,2438,1526.5,0
1001,1008,'Apple MacBook Air M3 (13-inch) ',3.3,5,1459,1035.3,0
1001,1007,'Lenovo Yoga',2.9,9,3463,2234.7,0
1001,1007,'Alienware Aurora ',3.2,15,2323,869,0
1000,1004,'Lenovo Yoga',2.5,6,2127,2492.5,0
1000,1004,'Dell XPS ',2.6,11,524,392.1,0
1000,1009,'Apple MacBook Air M3 (13-inch) ',3.3,6,280,1120.3,0
1000,1007,'Apple MacBook Air M3 (13-inch) ',4.4,7,737,401,0
1000,1002,'Lenovo Yoga',3,15,3769,1078.2,0
1000,1004,'Dell XPS ',4.4,4,824,1974.8,1
1000,1002,'Apple MacBook Air M3 (13-inch) ',3.8,9,1550,641.1,0
1000,1008,'Alienware Aurora ',3.3,16,3276,1260.7,0
1000,1009,'Dell XPS ',2.6,8,3757,1004.1,0
1000,1004,'Apple MacBook Air M3 (13-inch) ',1.8,4,2457,2321.8,0
1001,1008,'Apple MacBook Air M3 (13-inch) ',3.4,7,4733,1814.7,0
1000,1006,'Apple MacBook Air M3 (13-inch) ',2.1,16,656,318.9,0
1000,1008,'Alienware Aurora ',2.1,15,1686,1329.5,0
1001,1004,'Lenovo Yoga',2.3,7,649,2067.8,0
1001,1005,'Apple MacBook Air M3 (13-inch) ',4.7,8,2467,280.9,0
1001,1001,'Lenovo Yoga',2.4,16,2823,2359.2,0
1001,1002,'Alienware Aurora ',4.9,9,25,1043.5,0
1001,1009,'Dell XPS ',2.6,12,3620,1722.9,0
1001,1000,'Lenovo Yoga',4.6,7,1102,663.1,0
1001,1004,'Alienware Aurora ',4.3,9,819,2894.3,0
1001,1006,'Alienware Aurora ',4.2,4,4968,717.4,0
1001,1001,'Dell XPS ',2,8,4528,2795.5,0
1001,1001,'Apple MacBook Air M3 (13-inch) ',4.6,9,4233,1642.3,0
1001,1006,'Apple MacBook Air M3 (13-inch) ',3.6,13,3566,1192.6,0
1001,1001,'Dell XPS ',3.6,16,1835,2811,0
1001,1000,'Dell XPS ',1.7,9,1181,2834.5,0
1001,1002,'Lenovo Yoga',2.8,5,4723,1151.7,0
1000,1003,'Apple MacBook Air M3 (13-inch) ',3.6,8,1116,1638.7,0
1000,1006,'Apple MacBook Air M3 (13-inch) ',2.8,6,1554,1978,0
1001,1003,'Apple MacBook Air M3 (13-inch) ',4.3,10,4407,2737.2,0
1001,1004,'Apple MacBook Air M3 (13-inch) ',2.5,5,3358,1418.1,0
1001,1008,'Dell XPS ',4.3,14,242,1617.7,0
1000,1000,'Dell XPS ',3,10,1754,1543,0
1001,1004,'Dell XPS ',2.9,9,1512,2095.7,0
1001,1006,'Dell XPS ',2.9,5,1887,1274.2,0
1000,1001,'Alienware Aurora ',4.4,11,2471,1882.9,0
1001,1009,'Apple MacBook Air M3 (13-inch) ',3.4,9,124,665.3,0
1000,1009,'Dell XPS ',4.8,6,3032,2855.7,0
1000,1002,'Lenovo Yoga',1.3,11,1385,1144.2,0
1000,1008,'Lenovo Yoga',1,5,3795,203.7,0
1000,1005,'Lenovo Yoga',2,13,4200,2567.3,0
1001,1006,'Alienware Aurora ',1.1,4,1001,1916.3,0
1001,1005,'Dell XPS ',2.1,12,3307,1129,0
1001,1003,'Dell XPS ',2.4,5,1370,2904.9,0
1001,1007,'Alienware Aurora ',1.4,4,2525,925,0
1001,1007,'Alienware Aurora ',3.4,10,4461,2659.4,0
1000,1007,'Lenovo Yoga',2.6,14,1115,612.5,0
1000,1003,'Lenovo Yoga',3.1,11,3821,644.7,0
1000,1007,'Alienware Aurora ',2.8,7,4029,1492,0
1000,1007,'Apple MacBook Air M3 (13-inch) ',1.7,10,2121,711,0
1001,1006,'Alienware Aurora ',3.9,11,3434,1899.5,0
1001,1008,'Apple MacBook Air M3 (13-inch) ',4.3,8,1697,412.8,0
1000,1006,'Dell XPS ',1.3,9,1195,663.7,0
1000,1008,'Alienware Aurora ',2.2,7,1424,2622.9,0
1001,1004,'Dell XPS ',4.9,15,4368,704.7,0
1000,1000,'Dell XPS ',1.1,4,1807,318.9,0
1001,1002,'Dell XPS ',2.3,12,922,694.3,0
1001,1000,'Apple MacBook Air M3 (13-inch) ',3.3,14,4391,1543.9,0
1001,1008,'Alienware Aurora ',3.2,9,794,2320.4,1
1001,1004,'Alienware Aurora ',1.8,10,3777,2159.2,0
1001,1007,'Apple MacBook Air M3 (13-inch) ',1.6,8,2645,863.5,0
1001,1005,'Alienware Aurora ',2.4,11,3510,2047.4,0
1000,1006,'Dell XPS ',4,5,3984,1363.2,0
1000,1008,'Apple MacBook Air M3 (13-inch) ',1.6,15,1916,1910.3,0
1001,1002,'Dell XPS ',4.1,11,3988,2570.4,0
1001,1000,'Alienware Aurora ',2.2,7,4418,1643.8,0
1001,1009,'Alienware Aurora ',4.2,8,2409,2475.6,0
1001,1006,'Alienware Aurora ',2.8,6,1270,2042,0
1000,1002,'Alienware Aurora ',3.5,7,4404,621.9,0
1000,1005,'Lenovo Yoga',1.1,15,2485,894.3,0
1000,1004,'Apple MacBook Air M3 (13-inch) ',2.8,11,4108,1612.5,0
1001,1002,'Dell XPS ',1.6,12,3715,1839.4,0
1000,1007,'Alienware Aurora ',4,12,3641,2738.2,0
1001,1008,'Dell XPS ',4.8,14,1642,1984.7,0
1001,1004,'Lenovo Yoga',4.5,15,2112,2203.9,0
1001,1000,'Lenovo Yoga',3.4,6,3084,2116.9,0
1000,1002,'Alienware Aurora ',2.6,13,3196,2049,0
1001,1002,'Lenovo Yoga',4.9,8,4249,2217.1,0
1001,1008,'Alienware Aurora ',4,14,4594,2240.1,0
1000,1009,'Alienware Aurora ',4.3,6,2521,1472.5,0
1001,1008,'Dell XPS ',2.3,10,31,2863.1,0
1001,1009,'Alienware Aurora ',2.7,6,498,1978.9,0
1000,1005,'Lenovo Yoga',2.3,12,16,2834.8,0
1001,1006,'Lenovo Yoga',1.7,13,2891,2007,0
1001,1008,'Lenovo Yoga',4.6,16,4057,1404.8,0
1001,1008,'Dell XPS ',3.2,14,3818,2196,0
1000,1005,'Alienware Aurora ',4.6,7,1619,2627,0
1001,1001,'Lenovo Yoga',1.6,7,1067,1688.2,0
1001,1009,'Lenovo Yoga',2.5,9,2705,1397.1,0
1000,1006,'Alienware Aurora ',3.3,5,3789,1679.1,0
1001,1007,'Alienware Aurora ',4.5,4,4183,2416.7,0
1000,1001,'Apple MacBook Air M3 (13-inch) ',1.2,7,2529,1095.8,0
1000,1000,'Alienware Aurora ',2.5,5,120,422.8,0
1001,1005,'Lenovo Yoga',1.6,6,165,2030.3,0
1001,1009,'Dell XPS ',3.4,13,2257,2595.7,0
1001,1009,'Dell XPS ',3.1,8,3602,2621.2,0
1000,1003,'Lenovo Yoga',4,6,1192,1564.6,0
1000,1003,'Dell XPS ',2.7,14,4405,1406.5,0
1000,1005,'Apple MacBook Air M3 (13-inch) ',4.9,15,3191,2786.7,0
1000,1005,'Lenovo Yoga',2.8,5,1829,563,0
1000,1006,'Alienware Aurora ',2.5,9,2774,1366.1,0
1000,1002,'Apple MacBook Air M3 (13-inch) ',1.2,11,1081,2445.9,0
1001,1002,'Dell XPS ',4.1,4,2507,2763.4,0
1000,1005,'Alienware Aurora ',2.7,6,1896,678.2,0
1001,1007,'Apple MacBook Air M3 (13-inch) ',2.1,8,3890,1999.8,0
1001,1009,'Alienware Aurora ',3.3,6,2605,2953.9,0
1001,1008,'Apple MacBook Air M3 (13-inch) ',3.9,4,2292,1088,0
1000,1005,'Alienware Aurora ',3,16,3915,264.5,0
1000,1006,'Apple MacBook Air M3 (13-inch) ',4.7,10,3082,772.6,0
1000,1005,'Dell XPS ',1.9,5,2255,1063.2,0
1001,1001,'Apple MacBook Air M3 (13-inch) ',3.1,13,3575,1242.7,0
1000,1000,'Apple MacBook Air M3 (13-inch) ',3,14,4162,202.2,0
1000,1009,'Alienware Aurora ',4.6,12,3445,752.4,0
1001,1001,'Dell XPS ',3.3,15,4080,2206.3,0
1001,1008,'Alienware Aurora ',3.6,15,2455,2557,0
1001,1005,'Dell XPS ',3,4,1951,1734.7,0
1001,1005,'Alienware Aurora ',2.3,12,2124,1934.2,0
1001,1005,'Alienware Aurora ',4,4,350,2682.7,0
1001,1003,'Dell XPS ',4.8,13,4093,436.2,0
1001,1004,'Lenovo Yoga',1.6,14,1000,2541.9,0
1000,1004,'Dell XPS ',2.2,6,790,479.5,0
1000,1006,'Lenovo Yoga',3,12,1082,1945.9,0
1000,1000,'Lenovo Yoga',4.7,10,1322,2834.7,0
1001,1008,'Apple MacBook Air M3 (13-inch) ',2.9,14,2858,1090.8,0
1001,1006,'Apple MacBook Air M3 (13-inch) ',1.1,4,836,2349.8,0
1001,1006,'Alienware Aurora ',4.5,4,2707,637.8,0
1000,1008,'Alienware Aurora ',3.6,4,4323,2522.8,0
1000,1007,'Dell XPS ',2.4,13,1837,2846.4,0
1000,1006,'Lenovo Yoga',2.9,16,3869,1713.4,0
1000,1005,'Apple MacBook Air M3 (13-inch) ',4.1,5,3569,1495.5,0
1000,1001,'Lenovo Yoga',3.5,10,3006,2355.2,0
1001,1004,'Alienware Aurora ',4.3,10,940,2314.6,0
1000,1002,'Lenovo Yoga',2.2,16,2375,1125,0
1001,1009,'Apple MacBook Air M3 (13-inch) ',1.6,11,3171,2114.9,0
1001,1002,'Alienware Aurora ',4.2,13,412,2859.4,0
1000,1000,'Alienware Aurora ',3.9,15,497,2807,0
1001,1007,'Lenovo Yoga',4.4,13,1061,2779.8,0
1000,1000,'Dell XPS ',2,8,2127,2884.7,0
1001,1004,'Apple MacBook Air M3 (13-inch) ',4.9,10,167,2235.9,0
1001,1000,'Dell XPS ',3.4,15,3040,1099.4,0
1000,1003,'Dell XPS ',2.2,9,4140,2281.7,0
1000,1002,'Alienware Aurora ',4.9,14,2680,2167.4,0
1000,1003,'Apple MacBook Air M3 (13-inch) ',3,14,3352,2544.3,0
1001,1005,'Apple MacBook Air M3 (13-inch) ',2.6,13,4839,1774.5,1
1001,1006,'Dell XPS ',3.3,6,2715,696.1,0
1000,1003,'Alienware Aurora ',2.3,12,1239,1944.1,0
1001,1007,'Alienware Aurora ',5,12,392,1267.9,0
1000,1005,'Apple MacBook Air M3 (13-inch) ',2.5,15,2791,2514,0
1000,1008,'Alienware Aurora ',3.4,7,2954,224.6,0
1000,1007,'Apple MacBook Air M3 (13-inch) ',2.3,5,2069,2032.7,0
1000,1002,'Dell XPS ',4.4,10,2713,2653.3,0
1001,1000,'Dell XPS ',2,12,1978,2149.4,0
1001,1000,'Apple MacBook Air M3 (13-inch) ',2.1,8,3620,932.6,1
1000,1007,'Alienware Aurora ',1.2,9,2900,2924.7,0
1001,1003,'Lenovo Yoga',1.9,9,1820,2956.1,0
1000,1001,'Lenovo Yoga',4.1,14,1335,216.7,0
1001,1006,'Alienware Aurora ',4.7,13,4814,1201.4,0
1000,1009,'Apple MacBook Air M3 (13-inch) ',3.5,10,1746,303.1,0
1000,1001,'Apple MacBook Air M3 (13-inch) ',2.5,16,4374,1650,0
1001,1004,'Apple MacBook Air M3 (13-inch) ',4.1,11,900,332,0
1000,1006,'Apple MacBook Air M3 (13-inch) ',3.7,5,1261,2055.6,0
1000,1001,'Alienware Aurora ',4.2,13,4983,753.3,0
1000,1009,'Apple MacBook Air M3 (13-inch) ',2.3,12,4591,532.9,0
1000,1009,'Alienware Aurora ',1.4,13,1312,2344,0
1001,1004,'Lenovo Yoga',2.5,9,1002,1413.1,0
1001,1005,'Lenovo Yoga',3.9,7,3248,2684.8,0
1000,1003,'Lenovo Yoga',4.3,7,944,1558.7,0
1001,1009,'Apple MacBook Air M3 (13-inch) ',4.5,14,1141,1506.3,0
1000,1007,'Apple MacBook Air M3 (13-inch) ',3.8,4,3523,1486.1,0
1001,1009,'Lenovo Yoga',2.8,5,1163,401.2,0
1000,1005,'Lenovo Yoga',1.9,5,3567,1946.5,0
1000,1006,'Alienware Aurora ',3.8,10,4533,1714.6,0
1000,1000,'Apple MacBook Air M3 (13-inch) ',2.2,5,451,1772.2,0
1001,1008,'Alienware Aurora ',3.2,9,4348,1949,0
1001,1001,'Alienware Aurora ',3.7,5,2494,1309.1,0
1001,1007,'Alienware Aurora ',1.9,16,551,2880.4,0
1001,1001,'Alienware Aurora ',2.4,13,3431,531.3,0
1000,1001,'Apple MacBook Air M3 (13-inch) ',1.6,6,1682,2700.4,0
1000,1005,'Alienware Aurora ',1.5,13,3462,768.3,0
1000,1006,'Apple MacBook Air M3 (13-inch) ',1.7,8,770,931.1,0
1000,1002,'Dell XPS ',4.2,4,1551,2626,0
1000,1000,'Alienware Aurora ',2.8,4,3281,642.7,0
1001,1007,'Apple MacBook Air M3 (13-inch) ',3.9,13,4655,687.2,0
1001,1003,'Apple MacBook Air M3 (13-inch) ',1.8,16,4344,1093,0
1001,1009,'Alienware Aurora ',2.6,8,1373,2021.6,0
1000,1006,'Dell XPS ',4.7,14,2277,2373.4,0
1001,1002,'Dell XPS ',4,15,2767,894.8,0
1001,1002,'Lenovo Yoga',1.5,14,3763,530,0
1001,1000,'Alienware Aurora ',4.9,11,973,1982.4,0
1000,1005,'Dell XPS ',4.1,15,2036,1963.2,0
1000,1007,'Apple MacBook Air M3 (13-inch) ',4.6,7,3758,2929.8,0
1000,1008,'Apple MacBook Air M3 (13-inch) ',2.7,11,1858,1970.5,0
1000,1000,'Alienware Aurora ',4,9,1269,1404.1,1
1000,1002,'Alienware Aurora ',3.6,9,3371,2124.9,0
1000,1000,'Alienware Aurora ',1.3,6,2050,1587.3,0
1000,1003,'Alienware Aurora ',4.1,4,4551,711.3,0
1000,1005,'Lenovo Yoga',3,15,1370,1525.1,0
1000,1002,'Alienware Aurora ',3.8,4,2246,1036.9,0
1000,1008,'Lenovo Yoga',1.6,16,1081,738.6,0
1000,1002,'Dell XPS ',2.1,9,69,886.4,0
1001,1008,'Apple MacBook Air M3 (13-inch) ',1.6,6,3782,501.8,0
1000,1009,'Alienware Aurora ',1.6,11,4408,2161.7,0
1001,1005,'Apple MacBook Air M3 (13-inch) ',3,15,546,785.4,0
1001,1005,'Apple MacBook Air M3 (13-inch) ',2.9,4,4979,482.2,1
1000,1002,'Apple MacBook Air M3 (13-inch) ',5,10,1235,2922.3,0
1000,1008,'Lenovo Yoga',1.2,15,1511,1622.9,0
1001,1007,'Alienware Aurora ',1.7,11,1526,1965.7,0
1001,1002,'Alienware Aurora ',1.1,13,1224,428.5,0
1001,1002,'Alienware Aurora ',4.8,11,4903,435.5,0
1001,1009,'Dell XPS ',1.8,16,2822,1099.4,0
1000,1005,'Alienware Aurora ',3.4,12,2172,1179.7,0
1001,1001,'Lenovo Yoga',3.3,8,901,2618.1,1
1000,1004,'Alienware Aurora ',3.5,6,3966,2532.4,0
1000,1000,'Apple MacBook Air M3 (13-inch) ',2.9,15,714,2468.5,0
1001,1005,'Apple MacBook Air M3 (13-inch) ',1.2,9,3459,2243.3,0
1000,1007,'Dell XPS ',1.1,10,2899,860,0
1001,1005,'Apple MacBook Air M3 (13-inch) ',2.5,11,4013,2865.1,0
1000,1006,'Lenovo Yoga',4.2,10,4132,2065.1,1
1001,1002,'Apple MacBook Air M3 (13-inch) ',4.9,5,1205,1872.4,0
1001,1007,'Alienware Aurora ',4.4,8,4218,1409.2,0
1001,1009,'Dell XPS ',3.1,10,1618,846.3,0
1001,1002,'Lenovo Yoga',2.4,4,999,1832.7,0
1001,1004,'Apple MacBook Air M3 (13-inch) ',1.1,13,3577,1638.9,0
1000,1001,'Alienware Aurora ',2.2,6,4973,1805.3,0
1000,1008,'Lenovo Yoga',2.9,6,4511,1607.3,0
1000,1004,'Alienware Aurora ',3.1,8,4676,2309.1,0
1000,1000,'Apple MacBook Air M3 (13-inch) ',1.7,7,4056,1974,0
1000,1007,'Dell XPS ',4.6,5,2343,2388.3,0
1000,1003,'Dell XPS ',2.1,8,2104,626,0
1001,1007,'Apple MacBook Air M3 (13-inch) ',1.2,10,2936,306.8,0
1000,1003,'Alienware Aurora ',4.8,10,2651,711.9,0
1000,1006,'Dell XPS ',3.6,12,3024,316.5,0
1000,1002,'Dell XPS ',1.1,16,840,447.1,0
1001,1001,'Apple MacBook Air M3 (13-inch) ',3.4,16,1025,522.1,0
1001,1006,'Dell XPS ',2.7,14,1845,1231.2,0
1001,1008,'Lenovo Yoga',4.8,8,3970,757.5,0
1000,1001,'Alienware Aurora ',2.3,16,2655,922.8,0
1000,1008,'Dell XPS ',2.9,4,4545,2406.3,0
1001,1007,'Dell XPS ',3,6,1267,1566.6,0
1001,1001,'Dell XPS ',2.8,14,33,534.7,0
1000,1000,'Alienware Aurora ',2.6,13,1081,1491.6,0
1000,1001,'Lenovo Yoga',3.1,10,3619,585.4,0
1000,1000,'Alienware Aurora ',2.1,14,944,2601.2,0
1000,1009,'Dell XPS ',1.5,12,853,2843.5,0
1001,1008,'Lenovo Yoga',3.3,7,2784,2498.6,0
1000,1005,'Lenovo Yoga',4.1,16,309,1236.3,0
1000,1004,'Apple MacBook Air M3 (13-inch) ',1.5,4,49,1363.6,0
1000,1004,'Alienware Aurora ',1.3,10,1761,2729.3,0
1000,1007,'Lenovo Yoga',3.7,13,388,2660.2,0
1000,1002,'Alienware Aurora ',1.6,12,3243,561.2,0
1000,1004,'Alienware Aurora ',1.2,14,587,987.7,0
1000,1008,'Alienware Aurora ',4.2,16,4688,1856.2,0
1001,1005,'Alienware Aurora ',4,8,1069,508.5,0
1001,1009,'Alienware Aurora ',2.6,9,3444,2379.8,0
1001,1001,'Lenovo Yoga',3.9,6,3559,2943.1,0
1000,1009,'Lenovo Yoga',1.1,8,700,530.1,0
1001,1009,'Alienware Aurora ',1.1,5,3629,2251.3,0
1000,1004,'Lenovo Yoga',2.7,11,970,765.2,0
1001,1005,'Apple MacBook Air M3 (13-inch) ',2.5,5,4367,2258.5,0
1000,1009,'Lenovo Yoga',4.9,11,1364,2300.3,0
1000,1009,'Dell XPS ',1,15,4664,963.2,0
1001,1008,'Apple MacBook Air M3 (13-inch) ',2.8,10,2131,2526.7,0
1001,1007,'Dell XPS ',1.8,8,130,1205.9,0
1000,1006,'Dell XPS ',3.4,15,4638,394.9,0
1000,1003,'Alienware Aurora ',4.2,14,2489,1773.3,0
1000,1004,'Dell XPS ',1.1,13,1585,2936,1
1001,1003,'Lenovo Yoga',1.6,5,4675,2029.9,0
1001,1008,'Dell XPS ',4.4,5,1646,1395.9,0
1001,1009,'Dell XPS ',4.6,7,4535,1967.7,0
1001,1004,'Lenovo Yoga',2.1,7,2336,376.4,0
1000,1008,'Apple MacBook Air M3 (13-inch) ',1.2,16,3823,1905,0
1000,1000,'Lenovo Yoga',2.6,7,3830,1372.1,0
1000,1005,'Dell XPS ',3.5,8,4103,663.1,0
1001,1006,'Dell XPS ',4,4,1976,864.3,0
1000,1009,'Apple MacBook Air M3 (13-inch) ',3.6,8,416,2981.2,0
1000,1005,'Lenovo Yoga',1.5,11,2532,1633.7,0
1001,1009,'Lenovo Yoga',3.4,9,4507,1272,0
1000,1000,'Apple MacBook Air M3 (13-inch) ',1.7,13,1943,829.2,0
1000,1007,'Dell XPS ',3.8,13,2539,286.5,0
1000,1005,'Apple MacBook Air M3 (13-inch) ',4.3,8,953,2697.3,0
1001,1006,'Apple MacBook Air M3 (13-inch) ',2.9,15,1909,1825.6,0
1001,1009,'Apple MacBook Air M3 (13-inch) ',1.7,9,3041,2930,0
1001,1007,'Apple MacBook Air M3 (13-inch) ',4.1,11,3428,751.8,0
1001,1000,'Apple MacBook Air M3 (13-inch) ',1.1,16,370,2225.9,0
1001,1008,'Dell XPS ',3.1,16,3146,276.3,0
1001,1005,'Apple MacBook Air M3 (13-inch) ',3.5,11,797,1238.1,0
1001,1009,'Lenovo Yoga',3.9,10,137,1173.2,0
1000,1000,'Lenovo Yoga',2,13,3590,366.6,0
1001,1007,'Alienware Aurora ',4.7,5,75,1931.7,0
1000,1003,'Apple MacBook Air M3 (13-inch) ',1.2,12,921,405.2,0
1001,1009,'Apple MacBook Air M3 (13-inch) ',2.9,14,887,2060.3,1
1000,1004,'Alienware Aurora ',4.3,10,1650,1488.8,0
1000,1002,'Apple MacBook Air M3 (13-inch) ',3.6,8,1934,977.7,0
1000,1007,'Lenovo Yoga',4.8,10,4827,2890,0
1000,1001,'Apple MacBook Air M3 (13-inch) ',4.1,9,2697,382.6,1
1001,1006,'Apple MacBook Air M3 (13-inch) ',3.4,4,3758,1310.1,0
1001,1004,'Lenovo Yoga',3.8,8,4700,2702.5,0
1001,1005,'Dell XPS ',4.6,12,795,730.8,0
1001,1004,'Alienware Aurora ',4.6,11,1219,1182.4,0
1000,1004,'Alienware Aurora ',3.7,13,1303,1286.2,0
1001,1003,'Dell XPS ',3.7,6,579,2117.4,0
1000,1008,'Dell XPS ',1.4,11,3739,2132.4,0
1000,1009,'Apple MacBook Air M3 (13-inch) ',1.8,13,1941,2968.8,0
1001,1000,'Apple MacBook Air M3 (13-inch) ',3.6,14,822,2232.3,0
1001,1007,'Dell XPS ',2.2,7,3802,752.1,0
1001,1000,'Apple MacBook Air M3 (13-inch) ',2,14,3965,2926.4,0
1000,1004,'Apple MacBook Air M3 (13-inch) ',3.6,7,3971,1492.6,1
1000,1009,'Apple MacBook Air M3 (13-inch) ',4.5,7,2491,2623.5,0
1000,1003,'Alienware Aurora ',3.6,9,950,944.5,0
1000,1004,'Apple MacBook Air M3 (13-inch) ',4.1,4,2627,2998.5,0
1001,1008,'Dell XPS ',4.3,5,543,2626.9,0
1001,1000,'Apple MacBook Air M3 (13-inch) ',1.8,15,3704,2343.5,0
1001,1007,'Apple MacBook Air M3 (13-inch) ',4.1,16,958,859.5,0
1001,1009,'Apple MacBook Air M3 (13-inch) ',4.9,15,1235,1282.8,0
1001,1005,'Lenovo Yoga',4.6,11,4115,961.6,0
1001,1009,'Lenovo Yoga',1.7,12,310,1380.7,0
1001,1005,'Alienware Aurora ',1,8,2438,1211.1,0
1001,1006,'Apple MacBook Air M3 (13-inch) ',3.5,11,3756,1977.4,0
1000,1008,'Alienware Aurora ',2.6,10,2973,729.5,0
1001,1009,'Lenovo Yoga',1,9,1562,1073.8,0
1000,1005,'Lenovo Yoga',2.5,6,3980,2999.4,0
1000,1008,'Apple MacBook Air M3 (13-inch) ',2.7,10,4476,2465.6,0
1000,1001,'Dell XPS ',2.2,7,3730,2499.3,0
1000,1000,'Apple MacBook Air M3 (13-inch) ',1.8,4,3245,1327.7,0
1000,1001,'Alienware Aurora ',4.4,15,2562,1796.7,0
1001,1008,'Dell XPS ',4,7,1971,1847.4,0
1001,1002,'Dell XPS ',3.5,15,3707,1064.1,0
1001,1007,'Dell XPS ',4.6,11,3285,1244,0
1000,1007,'Apple MacBook Air M3 (13-inch) ',3.9,5,4705,377.5,0
1001,1003,'Dell XPS ',2.9,7,1944,2243.1,0
1001,1002,'Lenovo Yoga',1.8,15,1053,463.5,0
1001,1001,'Dell XPS ',2.1,15,127,1497.2,0
1001,1008,'Dell XPS ',2.4,16,1143,1542.2,1
1001,1003,'Lenovo Yoga',1.7,7,1825,1046.6,0
1000,1004,'Apple MacBook Air M3 (13-inch) ',4.4,16,468,2528.2,0
1001,1000,'Lenovo Yoga',2.3,11,177,2488.9,0
1000,1005,'Lenovo Yoga',2.6,8,1557,1178.5,0
1001,1007,'Apple MacBook Air M3 (13-inch) ',4.2,14,599,862.8,0
1000,1005,'Dell XPS ',4.6,15,120,1339.8,0
1000,1005,'Apple MacBook Air M3 (13-inch) ',3.4,6,1675,2832.2,0
1001,1007,'Dell XPS ',3.3,13,2076,409,0
1000,1007,'Lenovo Yoga',3,9,1683,1995.6,0
1000,1008,'Dell XPS ',1.5,15,4743,2523.1,0
1000,1007,'Dell XPS ',1.2,13,2445,2240.4,1
1000,1000,'Alienware Aurora ',3.6,5,877,1024.7,0
1001,1008,'Lenovo Yoga',2.6,9,3141,2724.9,0
1001,1004,'Apple MacBook Air M3 (13-inch) ',4.9,10,4925,2435.7,0
1000,1007,'Lenovo Yoga',2.1,4,3154,1230.5,0
1001,1004,'Alienware Aurora ',4.9,4,3429,999.9,0
1000,1000,'Lenovo Yoga',1.3,15,325,655.5,0
1001,1006,'Dell XPS ',3,6,3446,1715.1,0
1000,1002,'Apple MacBook Air M3 (13-inch) ',4,4,3313,1340.7,0
1001,1006,'Alienware Aurora ',1.9,8,142,1521.4,0
1000,1000,'Lenovo Yoga',1.8,6,2330,713.3,0
1000,1004,'Alienware Aurora ',2.1,11,2979,460.7,0
1000,1006,'Dell XPS ',3.5,5,2690,1627,0
1000,1009,'Apple MacBook Air M3 (13-inch) ',3.5,11,462,1760.3,0
1001,1008,'Dell XPS ',4.6,4,3220,2549.6,0
1000,1009,'Apple MacBook Air M3 (13-inch) ',4.4,5,4383,2138,0
1001,1007,'Apple MacBook Air M3 (13-inch) ',4.1,4,3634,2236.8,0
1000,1001,'Alienware Aurora ',1.7,15,3266,676.6,0
1000,1000,'Alienware Aurora ',4.1,13,2587,2521.9,0
1001,1005,'Alienware Aurora ',3.4,13,4958,1718.4,0
1000,1007,'Dell XPS ',2.3,8,602,1199.3,0
1000,1001,'Apple MacBook Air M3 (13-inch) ',1.3,15,4176,2991.9,1
1000,1009,'Lenovo Yoga',1.1,15,4141,540.9,0
1000,1007,'Apple MacBook Air M3 (13-inch) ',2.8,5,3866,1053,0
1001,1000,'Lenovo Yoga',4.5,6,4061,2395.4,0
1000,1002,'Alienware Aurora ',1,11,463,1917.7,0
1001,1003,'Dell XPS ',2.8,6,2116,581.3,0
1000,1002,'Alienware Aurora ',2.1,10,2548,2221.4,0
1001,1001,'Dell XPS ',3.3,8,1494,2995.2,0
1000,1006,'Alienware Aurora ',2.4,4,992,1300.5,0
1001,1003,'Lenovo Yoga',1.1,6,705,2194.7,0
1001,1004,'Dell XPS ',3.1,16,3405,431,0
1001,1009,'Alienware Aurora ',3.1,9,1488,1278.8,0
1001,1003,'Alienware Aurora ',3.1,4,2887,2705.8,0
1001,1009,'Apple MacBook Air M3 (13-inch) ',1.2,14,2957,1632.8,1
1000,1007,'Apple MacBook Air M3 (13-inch) ',2.3,5,1547,2562.2,0
1001,1000,'Lenovo Yoga',1.3,8,1277,2034.3,0
1000,1003,'Apple MacBook Air M3 (13-inch) ',1.3,9,3639,2474.4,0
1000,1006,'Dell XPS ',1.9,7,3002,310.8,0
1000,1009,'Lenovo Yoga',1.8,16,1320,733.8,0
1001,1003,'Lenovo Yoga',3.4,16,2206,2456.1,0
1001,1004,'Apple MacBook Air M3 (13-inch) ',1.6,7,2667,2280.4,0
1001,1005,'Alienware Aurora ',2.3,16,4814,433.7,0
1001,1005,'Dell XPS ',4.6,13,271,2504.9,0
1001,1009,'Apple MacBook Air M3 (13-inch) ',2.9,11,4700,360.2,0
1001,1005,'Lenovo Yoga',3.8,11,1538,2023,0
1001,1003,'Lenovo Yoga',1,10,1929,738.4,0
1001,1003,'Lenovo Yoga',2.3,16,4394,1511.3,0
1001,1007,'Dell XPS ',2.6,5,3686,2900.5,0
1000,1000,'Dell XPS ',4.8,6,2388,1752.6,0
1001,1002,'Apple MacBook Air M3 (13-inch) ',2.6,10,3402,1228.6,0
1000,1005,'Alienware Aurora ',3.4,8,4596,2828.1,1
1000,1007,'Alienware Aurora ',3.8,6,2984,1867.9,0
1001,1001,'Alienware Aurora ',1.4,10,3663,2835.3,0
1001,1002,'Alienware Aurora ',4.9,6,2154,1874.7,1
1001,1000,'Alienware Aurora ',1.8,15,1258,1153.5,0
1000,1003,'Apple MacBook Air M3 (13-inch) ',4.4,15,3829,2481.1,0
1000,1009,'Dell XPS ',2.8,8,2274,1545.3,0
1001,1009,'Apple MacBook Air M3 (13-inch) ',2.5,5,2430,1887.7,0
1001,1001,'Dell XPS ',3.3,9,3467,2122.8,0
1000,1006,'Dell XPS ',3.9,5,2400,999.2,0
1000,1009,'Lenovo Yoga',3.8,6,724,2977,0
1000,1006,'Lenovo Yoga',2.3,9,4188,683.7,0
1000,1005,'Alienware Aurora ',1.9,7,3458,2612.7,0
1000,1008,'Lenovo Yoga',4.2,15,2504,204.5,0
1000,1009,'Dell XPS ',1.7,16,78,2648.6,0
1000,1007,'Dell XPS ',1.5,9,3061,223,0
1001,1000,'Dell XPS ',3,14,2449,233.3,0
1000,1000,'Dell XPS ',4.5,10,1791,2192.3,0
1001,1007,'Lenovo Yoga',2.9,12,1055,841.1,0
1001,1009,'Alienware Aurora ',4,5,3632,576.4,0
1000,1009,'Dell XPS ',4.6,5,4120,2433.5,0
1000,1000,'Lenovo Yoga',3.3,6,545,597.1,0
1001,1006,'Dell XPS ',1.4,5,2852,699,0
1001,1007,'Apple MacBook Air M3 (13-inch) ',2.5,15,623,1118.4,0
1000,1008,'Lenovo Yoga',2.2,13,4809,847.6,0
1000,1003,'Lenovo Yoga',1.3,14,1350,2009.6,0
1001,1007,'Alienware Aurora ',3.7,5,1837,1086,0
1000,1007,'Lenovo Yoga',4.8,9,833,2985.1,0
1000,1007,'Apple MacBook Air M3 (13-inch) ',1.8,13,1752,1608.7,0
1001,1001,'Lenovo Yoga',3.8,12,116,1703.6,0
1000,1006,'Lenovo Yoga',1.4,7,4848,582.5,0
1001,1000,'Dell XPS ',2.3,12,2481,2005.7,0
1001,1006,'Dell XPS ',2.8,7,2270,2792.4,0
1001,1008,'Alienware Aurora ',3.9,14,3866,2458.7,0
1000,1009,'Apple MacBook Air M3 (13-inch) ',4.8,13,1406,1466.2,0
1000,1002,'Lenovo Yoga',1.5,15,1562,2653.3,0
1001,1005,'Alienware Aurora ',3.3,16,1210,565.8,0
1000,1007,'Alienware Aurora ',3.9,14,2864,2411.9,0
1001,1000,'Apple MacBook Air M3 (13-inch) ',3.2,10,1509,1337.3,0
1001,1005,'Apple MacBook Air M3 (13-inch) ',4.1,9,2744,1874.5,0
1000,1001,'Dell XPS ',3.6,7,4119,2377.6,0
1001,1005,'Apple MacBook Air M3 (13-inch) ',2.4,11,406,1399.5,0
1000,1001,'Lenovo Yoga',3.6,10,3322,857.3,0
1001,1003,'Alienware Aurora ',2.6,15,1539,2983.5,0
1001,1006,'Lenovo Yoga',3.7,16,2921,2329,0
1001,1001,'Lenovo Yoga',1.9,11,292,374.6,0
1001,1006,'Lenovo Yoga',3.5,7,4255,940,0
1000,1001,'Lenovo Yoga',1,8,2108,1018.6,0
1000,1000,'Alienware Aurora ',2.4,16,4841,2058.5,0
1001,1007,'Apple MacBook Air M3 (13-inch) ',1.6,14,3091,2730.6,0
1000,1008,'Alienware Aurora ',1.9,6,1953,332.8,0
1001,1006,'Dell XPS ',1.4,7,952,2575.3,1
1001,1001,'Dell XPS ',4,9,3380,1537.7,0
1001,1005,'Alienware Aurora ',1.9,15,4562,1877.8,1
1001,1002,'Lenovo Yoga',3.4,12,1246,2155.5,0
1000,1000,'Lenovo Yoga',3.7,13,3708,2191.9,0
1000,1004,'Apple MacBook Air M3 (13-inch) ',1.7,13,1791,2262.5,0
1000,1009,'Dell XPS ',2.7,14,169,380.1,0
1001,1002,'Dell XPS ',2.2,9,4101,493.5,0
1000,1005,'Lenovo Yoga',2.6,7,4082,1737.1,0
1001,1009,'Dell XPS ',1.3,4,1088,909.8,0
1000,1008,'Apple MacBook Air M3 (13-inch) ',5,8,552,2025.1,0
1001,1002,'Dell XPS ',3.6,15,153,1164.5,0
1000,1002,'Alienware Aurora ',2.8,15,232,2430.5,0
1000,1006,'Lenovo Yoga',2.5,4,4796,1231.4,0
1001,1004,'Alienware Aurora ',2.1,6,1211,745.5,0
1000,1003,'Dell XPS ',1.6,14,2753,643,0
1001,1004,'Dell XPS ',2.3,4,663,2313.4,0
1001,1005,'Lenovo Yoga',2.9,9,1863,2649.3,0
1000,1000,'Dell XPS ',3.3,14,3962,874,0
1001,1005,'Apple MacBook Air M3 (13-inch) ',3.1,11,2057,2051.7,0
1000,1008,'Alienware Aurora ',4.8,11,3042,2451.2,0
1000,1009,'Apple MacBook Air M3 (13-inch) ',3,5,2022,2680.3,0
1001,1003,'Lenovo Yoga',4.6,8,1854,2686.8,0
1000,1001,'Apple MacBook Air M3 (13-inch) ',4,16,518,2982.9,0
1001,1004,'Lenovo Yoga',2.6,8,3777,2693.9,0
1000,1000,'Alienware Aurora ',4.7,15,959,2801.2,0
1000,1007,'Lenovo Yoga',3.7,9,941,2956.5,0
1001,1000,'Alienware Aurora ',1.5,10,4904,1633.9,0
1001,1007,'Dell XPS ',1,4,4071,1327.7,0
1000,1008,'Lenovo Yoga',3.6,12,1998,2130.3,0
1000,1003,'Alienware Aurora ',4.3,7,1296,1069.8,0
1000,1009,'Alienware Aurora ',2.2,6,2659,1804.6,0
1000,1002,'Apple MacBook Air M3 (13-inch) ',2.9,6,4234,2633.2,0
1001,1008,'Alienware Aurora ',3.7,10,3271,2925.1,0
1000,1000,'Dell XPS ',1.6,8,3639,2600,0
1001,1003,'Lenovo Yoga',1.3,15,4151,2145.5,0
1000,1004,'Alienware Aurora ',1.1,15,2420,1508.4,0
1000,1005,'Apple MacBook Air M3 (13-inch) ',3.9,9,741,2166.5,0
1001,1002,'Dell XPS ',4.8,4,1806,679.7,0
1001,1009,'Apple MacBook Air M3 (13-inch) ',1.4,5,72,1328.9,0
1000,1000,'Apple MacBook Air M3 (13-inch) ',1.8,5,4753,1129.1,0
1000,1003,'Alienware Aurora ',2.8,8,4738,1567.6,0
1000,1008,'Apple MacBook Air M3 (13-inch) ',4.3,7,1676,2342.9,0
1000,1001,'Dell XPS ',1.9,14,988,2266.6,0
1000,1005,'Apple MacBook Air M3 (13-inch) ',4.5,7,3619,2708.7,0
1000,1004,'Apple MacBook Air M3 (13-inch) ',2.2,8,4761,2194.8,0
1001,1005,'Lenovo Yoga',4.1,12,3451,605.6,0
1000,1007,'Apple MacBook Air M3 (13-inch) ',2.3,7,4245,2393.5,0
1001,1009,'Lenovo Yoga',3.2,4,1265,252.7,1
1001,1007,'Dell XPS ',2.4,13,4666,662.7,0
1001,1009,'Dell XPS ',4.6,11,3949,2659.9,0
1001,1002,'Lenovo Yoga',3,9,4266,1457,0
1001,1007,'Dell XPS ',1.7,14,3269,2654,0
1000,1000,'Dell XPS ',4.7,5,4944,1575.1,0
1000,1005,'Dell XPS ',4.7,7,2834,1194.8,0
1001,1009,'Alienware Aurora ',2.2,9,2379,2780.6,0
1000,1007,'Alienware Aurora ',2.8,15,1811,2786.4,0
1001,1009,'Dell XPS ',1.9,8,2788,1035.2,0
1001,1009,'Alienware Aurora ',3.4,6,3876,2531.3,0
1001,1002,'Dell XPS ',1.8,7,1467,2403.2,0
1000,1009,'Lenovo Yoga',3.8,14,4587,2822.5,0
1001,1000,'Dell XPS ',1,7,4240,960.4,0
1000,1004,'Lenovo Yoga',1.1,11,4384,294.7,0
1000,1003,'Lenovo Yoga',1.9,15,116,2612.9,0
1001,1007,'Dell XPS ',3,10,976,851.4,0
1001,1005,'Dell XPS ',3.9,4,1651,406.8,0
1000,1006,'Dell XPS ',2.1,9,1048,407.9,0
1001,1004,'Alienware Aurora ',2.2,14,4917,2086.6,0
1001,1006,'Lenovo Yoga',2.1,9,2154,1479.1,0
1000,1008,'Dell XPS ',4.6,16,2616,1085.6,0
1001,1002,'Apple MacBook Air M3 (13-inch) ',4.7,14,1599,1174.4,0
1001,1008,'Apple MacBook Air M3 (13-inch) ',1.7,7,4930,1490.9,0
1000,1001,'Alienware Aurora ',3.5,9,2921,2368.3,0
1000,1002,'Apple MacBook Air M3 (13-inch) ',1.8,8,362,580.4,0
1000,1009,'Dell XPS ',4,16,2236,1172.5,0
1000,1006,'Alienware Aurora ',2.8,9,4681,2994.9,0
1001,1002,'Dell XPS ',3.1,4,2006,2146.1,0
1000,1001,'Apple MacBook Air M3 (13-inch) ',4.1,12,484,900.2,0
1001,1001,'Apple MacBook Air M3 (13-inch) ',3,6,1760,2127.6,0
1000,1004,'Apple MacBook Air M3 (13-inch) ',2.8,8,779,1922.7,0
1001,1008,'Apple MacBook Air M3 (13-inch) ',3.2,15,1028,1671,0
1000,1008,'Apple MacBook Air M3 (13-inch) ',3.8,7,4,2394.7,0
1000,1006,'Alienware Aurora ',1.8,8,3516,2771.1,0
1000,1008,'Alienware Aurora ',1.1,10,1775,1777.1,0
1000,1007,'Alienware Aurora ',2.6,4,3171,2291.2,0
1001,1003,'Apple MacBook Air M3 (13-inch) ',3.6,4,1564,931.3,0
1000,1006,'Alienware Aurora ',4.1,8,484,1695.6,0
1000,1007,'Lenovo Yoga',3.5,5,382,2894.3,0
1000,1002,'Alienware Aurora ',3.9,8,1845,2437,0
1000,1005,'Apple MacBook Air M3 (13-inch) ',3.9,14,2398,1309,0
1000,1008,'Alienware Aurora ',2.2,7,4671,2513.3,0
1001,1006,'Lenovo Yoga',3.9,9,1806,1941.7,1
1001,1000,'Dell XPS ',3.2,9,807,1811.4,0
1001,1002,'Apple MacBook Air M3 (13-inch) ',1.2,12,4866,596.7,0
1000,1007,'Alienware Aurora ',3.4,10,4849,2836.4,0
1001,1004,'Alienware Aurora ',2.5,4,1784,1155.3,0
1001,1002,'Alienware Aurora ',3.7,13,1744,1544.6,0
1001,1000,'Apple MacBook Air M3 (13-inch) ',1.6,6,1247,2158.2,0
1000,1002,'Dell XPS ',2.6,12,672,266.2,0
1001,1005,'Alienware Aurora ',3,11,2907,2648.1,0
1000,1001,'Dell XPS ',4.6,8,3545,504.3,0
1001,1005,'Lenovo Yoga',5,13,2972,2282.8,0
1000,1000,'Lenovo Yoga',4.7,7,3554,695.5,1
1000,1008,'Lenovo Yoga',4.6,10,4910,2706.6,0
1000,1001,'Alienware Aurora ',4.5,10,3889,886.8,0
1001,1000,'Alienware Aurora ',3.1,15,1128,917.8,1
1000,1009,'Apple MacBook Air M3 (13-inch) ',4.2,8,234,2721.1,0
1001,1000,'Alienware Aurora ',3.4,16,2085,1171.9,0
1000,1006,'Alienware Aurora ',3.1,13,4337,2808.2,0
1001,1005,'Dell XPS ',3.7,13,2913,2193.2,0
1001,1002,'Dell XPS ',3.3,8,3608,1114.8,0
1000,1007,'Dell XPS ',4.7,13,4434,2752.3,0
1001,1007,'Apple MacBook Air M3 (13-inch) ',4.8,5,2676,1292.2,0
1001,1003,'Lenovo Yoga',1.3,8,1940,1159.5,0
1001,1002,'Dell XPS ',3.8,9,3035,2581.6,0
1000,1006,'Lenovo Yoga',1.1,7,4163,2076.1,0
1000,1001,'Apple MacBook Air M3 (13-inch) ',3.2,11,1892,867.5,0
1000,1008,'Lenovo Yoga',4,12,3425,2420.3,0
1001,1005,'Alienware Aurora ',3,14,58,1983,0
1000,1005,'Alienware Aurora ',4.7,4,3769,412.7,0
1000,1003,'Apple MacBook Air M3 (13-inch) ',1.6,10,206,1995.5,0
1000,1001,'Apple MacBook Air M3 (13-inch) ',3.1,11,3108,1554.3,0
1001,1007,'Dell XPS ',1.5,16,3227,645.6,0
1000,1002,'Lenovo Yoga',2.5,12,3238,1731,0
1001,1004,'Apple MacBook Air M3 (13-inch) ',1.9,13,2666,474.9,0
1001,1005,'Alienware Aurora ',1.4,9,3275,1692.2,0
1001,1003,'Dell XPS ',4.4,7,3887,1105.7,0
1001,1003,'Lenovo Yoga',1.5,6,1115,1771.8,0
1001,1008,'Lenovo Yoga',4.7,8,4197,2466.8,0
1000,1002,'Dell XPS ',1.4,8,4886,1991.6,0
